Time,Displacement,Force,Strain 1
(s),(mm),(kN),(%)
0.0000,0.0000,0.0095,-0.0024
0.0200,0.0000,0.0095,-0.0024
0.0400,0.0001,0.0095,-0.0024
0.0600,0.0002,0.0095,-0.0024
0.0800,0.0004,0.0096,-0.0024
0.1000,0.0006,0.0100,-0.0024
0.1200,0.0010,0.0106,-0.0023
0.1400,0.0014,0.0117,-0.0022
0.1600,0.0021,0.0131,-0.0022
0.1800,0.0026,0.0147,-0.0021
0.2000,0.0031,0.0163,-0.0021
0.2200,0.0036,0.0177,-0.0021
0.2400,0.0040,0.0188,-0.0021
0.2600,0.0043,0.0199,-0.0021
0.2800,0.0046,0.0210,-0.0021
0.3000,0.0049,0.0219,-0.0021
0.3200,0.0051,0.0226,-0.0021
0.3400,0.0055,0.0232,-0.0021
0.3600,0.0058,0.0239,-0.0021
0.3800,0.0062,0.0248,-0.0021
0.4000,0.0066,0.0259,-0.0021
0.4200,0.0071,0.0270,-0.0021
0.4400,0.0076,0.0281,-0.0021
0.4600,0.0079,0.0291,-0.0021
0.4800,0.0082,0.0299,-0.0021
0.5000,0.0085,0.0308,-0.0021
0.5200,0.0088,0.0316,-0.0021
0.5400,0.0092,0.0324,-0.0021
0.5600,0.0094,0.0332,-0.0021
0.5800,0.0097,0.0339,-0.0021
0.6000,0.0100,0.0346,-0.0021
0.6200,0.0102,0.0353,-0.0021
0.6400,0.0105,0.0358,-0.0021
0.6600,0.0108,0.0366,-0.0021
0.6800,0.0111,0.0373,-0.0021
0.7000,0.0116,0.0380,-0.0021
0.7200,0.0120,0.0390,-0.0021
0.7400,0.0124,0.0401,-0.0021
0.7600,0.0129,0.0413,-0.0021
0.7800,0.0132,0.0422,-0.0022
0.8000,0.0136,0.0430,-0.0022
0.8200,0.0139,0.0438,-0.0021
0.8400,0.0142,0.0447,-0.0022
0.8600,0.0145,0.0455,-0.0022
0.8800,0.0147,0.0462,-0.0022
0.9000,0.0150,0.0470,-0.0022
0.9200,0.0153,0.0475,-0.0022
0.9400,0.0155,0.0481,-0.0022
0.9600,0.0159,0.0488,-0.0022
0.9800,0.0162,0.0496,-0.0022
1.0000,0.0167,0.0504,-0.0021
1.0200,0.0171,0.0515,-0.0022
1.0400,0.0175,0.0528,-0.0022
1.0600,0.0179,0.0539,-0.0022
1.0800,0.0182,0.0549,-0.0022
1.1000,0.0185,0.0558,-0.0022
1.1200,0.0189,0.0565,-0.0022
1.1400,0.0192,0.0574,-0.0021
1.1600,0.0195,0.0583,-0.0022
1.1800,0.0198,0.0590,-0.0022
1.2000,0.0200,0.0597,-0.0022
1.2200,0.0202,0.0603,-0.0022
1.2400,0.0206,0.0610,-0.0022
1.2600,0.0208,0.0619,-0.0022
1.2800,0.0212,0.0625,-0.0021
1.3000,0.0215,0.0632,-0.0022
1.3200,0.0220,0.0642,-0.0021
1.3400,0.0224,0.0655,-0.0021
1.3600,0.0228,0.0668,-0.0021
1.3800,0.0232,0.0680,-0.0021
1.4000,0.0236,0.0691,-0.0021
1.4200,0.0239,0.0701,-0.0021
1.4400,0.0243,0.0711,-0.0021
1.4600,0.0245,0.0719,-0.0021
1.4800,0.0248,0.0725,-0.0021
1.5000,0.0251,0.0733,-0.0021
1.5200,0.0253,0.0739,-0.0021
1.5400,0.0256,0.0746,-0.0021
1.5600,0.0259,0.0754,-0.0021
1.5800,0.0262,0.0763,-0.0021
1.6000,0.0266,0.0772,-0.0021
1.6200,0.0270,0.0783,-0.0021
1.6400,0.0274,0.0796,-0.0020
1.6600,0.0279,0.0810,-0.0020
1.6800,0.0282,0.0822,-0.0020
1.7000,0.0286,0.0834,-0.0020
1.7200,0.0289,0.0844,-0.0020
1.7400,0.0292,0.0854,-0.0020
1.7600,0.0295,0.0863,-0.0020
1.7800,0.0298,0.0873,-0.0020
1.8000,0.0301,0.0882,-0.0020
1.8200,0.0303,0.0890,-0.0020
1.8400,0.0306,0.0900,-0.0020
1.8600,0.0309,0.0911,-0.0020
1.8800,0.0312,0.0919,-0.0020
1.9000,0.0316,0.0928,-0.0020
1.9200,0.0319,0.0939,-0.0019
1.9400,0.0324,0.0951,-0.0019
1.9600,0.0328,0.0966,-0.0018
1.9800,0.0332,0.0981,-0.0018
2.0000,0.0336,0.0994,-0.0018
2.0200,0.0340,0.1006,-0.0018
2.0400,0.0343,0.1017,-0.0018
2.0600,0.0346,0.1029,-0.0017
2.0800,0.0348,0.1038,-0.0017
2.1000,0.0351,0.1045,-0.0018
2.1200,0.0353,0.1053,-0.0018
2.1400,0.0356,0.1061,-0.0017
2.1600,0.0359,0.1070,-0.0017
2.1800,0.0362,0.1080,-0.0017
2.2000,0.0365,0.1091,-0.0017
2.2200,0.0369,0.1103,-0.0017
2.2400,0.0373,0.1116,-0.0016
2.2600,0.0378,0.1132,-0.0016
2.2800,0.0382,0.1148,-0.0016
2.3000,0.0385,0.1161,-0.0015
2.3200,0.0389,0.1174,-0.0015
2.3400,0.0392,0.1185,-0.0015
2.3600,0.0395,0.1196,-0.0015
2.3800,0.0399,0.1207,-0.0015
2.4000,0.0401,0.1217,-0.0015
2.4200,0.0404,0.1226,-0.0015
2.4400,0.0407,0.1235,-0.0015
2.4600,0.0409,0.1244,-0.0015
2.4800,0.0412,0.1252,-0.0015
2.5000,0.0415,0.1261,-0.0015
2.5200,0.0419,0.1270,-0.0014
2.5400,0.0423,0.1284,-0.0014
2.5600,0.0428,0.1298,-0.0014
2.5800,0.0432,0.1314,-0.0013
2.6000,0.0436,0.1328,-0.0012
2.6200,0.0439,0.1341,-0.0012
2.6400,0.0442,0.1352,-0.0012
2.6600,0.0445,0.1363,-0.0012
2.6800,0.0448,0.1374,-0.0012
2.7000,0.0451,0.1382,-0.0013
2.7200,0.0453,0.1389,-0.0012
2.7400,0.0456,0.1399,-0.0012
2.7600,0.0459,0.1408,-0.0012
2.7800,0.0462,0.1416,-0.0012
2.8000,0.0465,0.1426,-0.0012
2.8200,0.0469,0.1437,-0.0012
2.8400,0.0473,0.1450,-0.0012
2.8600,0.0477,0.1464,-0.0011
2.8800,0.0482,0.1480,-0.0010
2.9000,0.0486,0.1494,-0.0010
2.9200,0.0489,0.1508,-0.0010
2.9400,0.0492,0.1519,-0.0010
2.9600,0.0496,0.1530,-0.0010
2.9800,0.0499,0.1540,-0.0010
3.0000,0.0501,0.1550,-0.0010
3.0200,0.0505,0.1558,-0.0010
3.0400,0.0507,0.1567,-0.0009
3.0600,0.0510,0.1576,-0.0009
3.0800,0.0513,0.1585,-0.0009
3.1000,0.0515,0.1595,-0.0009
3.1200,0.0519,0.1606,-0.0009
3.1400,0.0523,0.1617,-0.0008
3.1600,0.0527,0.1631,-0.0008
3.1800,0.0531,0.1646,-0.0008
3.2000,0.0535,0.1660,-0.0007
3.2200,0.0539,0.1675,-0.0007
3.2400,0.0542,0.1688,-0.0007
3.2600,0.0545,0.1699,-0.0006
3.2800,0.0549,0.1709,-0.0006
3.3000,0.0551,0.1719,-0.0006
3.3200,0.0554,0.1729,-0.0006
3.3400,0.0557,0.1738,-0.0006
3.3600,0.0559,0.1749,-0.0006
3.3800,0.0562,0.1758,-0.0006
3.4000,0.0565,0.1767,-0.0006
3.4200,0.0568,0.1776,-0.0006
3.4400,0.0573,0.1788,-0.0005
3.4600,0.0577,0.1803,-0.0005
3.4800,0.0582,0.1819,-0.0004
3.5000,0.0586,0.1837,-0.0004
3.5200,0.0589,0.1851,-0.0003
3.5400,0.0592,0.1864,-0.0003
3.5600,0.0596,0.1877,-0.0003
3.5800,0.0599,0.1888,-0.0003
3.6000,0.0602,0.1897,-0.0002
3.6200,0.0605,0.1905,-0.0002
3.6400,0.0607,0.1916,-0.0003
3.6600,0.0610,0.1923,-0.0003
3.6800,0.0612,0.1931,-0.0003
3.7000,0.0616,0.1940,-0.0003
3.7200,0.0618,0.1950,-0.0002
3.7400,0.0622,0.1958,-0.0002
3.7600,0.0626,0.1971,-0.0002
3.7800,0.0631,0.1988,-0.0001
3.8000,0.0634,0.2006,-0.0001
3.8200,0.0639,0.2021,-0.0001
3.8400,0.0642,0.2035,0.0000
3.8600,0.0646,0.2047,0.0001
3.8800,0.0649,0.2060,0.0002
3.9000,0.0651,0.2070,0.0001
3.9200,0.0655,0.2079,0.0001
3.9400,0.0657,0.2090,0.0001
3.9600,0.0660,0.2101,0.0002
3.9800,0.0663,0.2109,0.0002
4.0000,0.0665,0.2116,0.0001
4.0200,0.0669,0.2126,0.0002
4.0400,0.0672,0.2140,0.0002
4.0600,0.0677,0.2156,0.0004
4.0800,0.0681,0.2171,0.0004
4.1000,0.0686,0.2188,0.0005
4.1200,0.0689,0.2205,0.0005
4.1400,0.0693,0.2220,0.0006
4.1600,0.0696,0.2233,0.0006
4.1800,0.0699,0.2245,0.0007
4.2000,0.0702,0.2258,0.0007
4.2200,0.0705,0.2267,0.0007
4.2400,0.0708,0.2275,0.0007
4.2600,0.0710,0.2285,0.0007
4.2800,0.0712,0.2294,0.0008
4.3000,0.0715,0.2301,0.0008
4.3200,0.0718,0.2311,0.0008
4.3400,0.0722,0.2323,0.0008
4.3600,0.0725,0.2337,0.0009
4.3800,0.0730,0.2352,0.0010
4.4000,0.0734,0.2370,0.0011
4.4200,0.0738,0.2388,0.0011
4.4400,0.0742,0.2405,0.0012
4.4600,0.0746,0.2422,0.0013
4.4800,0.0749,0.2436,0.0013
4.5000,0.0752,0.2449,0.0013
4.5200,0.0755,0.2461,0.0013
4.5400,0.0758,0.2473,0.0014
4.5600,0.0760,0.2483,0.0014
4.5800,0.0763,0.2491,0.0014
4.6000,0.0766,0.2500,0.0015
4.6200,0.0769,0.2509,0.0015
4.6400,0.0772,0.2519,0.0016
4.6600,0.0776,0.2533,0.0016
4.6800,0.0781,0.2549,0.0017
4.7000,0.0785,0.2568,0.0017
4.7200,0.0789,0.2588,0.0018
4.7400,0.0793,0.2605,0.0019
4.7600,0.0796,0.2619,0.0020
4.7800,0.0799,0.2632,0.0020
4.8000,0.0802,0.2644,0.0020
4.8200,0.0805,0.2654,0.0021
4.8400,0.0808,0.2663,0.0021
4.8600,0.0811,0.2674,0.0022
4.8800,0.0813,0.2684,0.0022
4.9000,0.0816,0.2693,0.0022
4.9200,0.0819,0.2703,0.0022
4.9400,0.0822,0.2714,0.0023
4.9600,0.0825,0.2727,0.0024
4.9800,0.0829,0.2741,0.0024
5.0000,0.0834,0.2758,0.0025
5.0200,0.0838,0.2776,0.0026
5.0400,0.0842,0.2794,0.0027
5.0600,0.0846,0.2811,0.0028
5.0800,0.0850,0.2829,0.0028
5.1000,0.0853,0.2843,0.0029
5.1200,0.0856,0.2855,0.0029
5.1400,0.0858,0.2865,0.0029
5.1600,0.0861,0.2875,0.0030
5.1800,0.0864,0.2887,0.0030
5.2000,0.0866,0.2897,0.0030
5.2200,0.0869,0.2907,0.0031
5.2400,0.0872,0.2918,0.0031
5.2600,0.0876,0.2929,0.0032
5.2800,0.0880,0.2944,0.0033
5.3000,0.0884,0.2962,0.0033
5.3200,0.0888,0.2983,0.0034
5.3400,0.0892,0.3003,0.0035
5.3600,0.0895,0.3018,0.0036
5.3800,0.0899,0.3031,0.0036
5.4000,0.0902,0.3045,0.0037
5.4200,0.0905,0.3059,0.0038
5.4400,0.0908,0.3070,0.0038
5.4600,0.0911,0.3082,0.0039
5.4800,0.0914,0.3092,0.0039
5.5000,0.0917,0.3102,0.0039
5.5200,0.0919,0.3113,0.0040
5.5400,0.0922,0.3125,0.0040
5.5600,0.0925,0.3137,0.0041
5.5800,0.0929,0.3150,0.0042
5.6000,0.0933,0.3166,0.0043
5.6200,0.0937,0.3185,0.0044
5.6400,0.0942,0.3205,0.0044
5.6600,0.0946,0.3224,0.0045
5.6800,0.0950,0.3241,0.0046
5.7000,0.0953,0.3256,0.0047
5.7200,0.0956,0.3271,0.0048
5.7400,0.0959,0.3283,0.0048
5.7600,0.0962,0.3295,0.0049
5.7800,0.0964,0.3305,0.0050
5.8000,0.0966,0.3315,0.0050
5.8200,0.0969,0.3325,0.0050
5.8400,0.0972,0.3334,0.0051
5.8600,0.0975,0.3345,0.0051
5.8800,0.0979,0.3358,0.0052
5.9000,0.0983,0.3375,0.0053
5.9200,0.0987,0.3394,0.0054
5.9400,0.0992,0.3415,0.0056
5.9600,0.0995,0.3434,0.0057
5.9800,0.0999,0.3451,0.0058
6.0000,0.1002,0.3467,0.0058
6.0200,0.1005,0.3478,0.0059
6.0400,0.1008,0.3492,0.0060
6.0600,0.1011,0.3507,0.0061
6.0800,0.1014,0.3520,0.0061
6.1000,0.1017,0.3530,0.0062
6.1200,0.1019,0.3541,0.0063
6.1400,0.1023,0.3554,0.0063
6.1600,0.1025,0.3564,0.0064
6.1800,0.1029,0.3577,0.0064
6.2000,0.1032,0.3594,0.0065
6.2200,0.1037,0.3612,0.0067
6.2400,0.1041,0.3633,0.0068
6.2600,0.1045,0.3656,0.0069
6.2800,0.1049,0.3675,0.0071
6.3000,0.1053,0.3693,0.0072
6.3200,0.1056,0.3710,0.0073
6.3400,0.1059,0.3723,0.0074
6.3600,0.1062,0.3735,0.0074
6.3800,0.1064,0.3747,0.0075
6.4000,0.1067,0.3758,0.0076
6.4200,0.1069,0.3768,0.0076
6.4400,0.1072,0.3779,0.0077
6.4600,0.1075,0.3793,0.0078
6.4800,0.1078,0.3806,0.0079
6.5000,0.1082,0.3822,0.0079
6.5200,0.1086,0.3839,0.0080
6.5400,0.1091,0.3858,0.0082
6.5600,0.1095,0.3880,0.0083
6.5800,0.1099,0.3901,0.0085
6.6000,0.1102,0.3918,0.0086
6.6200,0.1106,0.3934,0.0087
6.6400,0.1109,0.3948,0.0088
6.6600,0.1112,0.3960,0.0089
6.6800,0.1115,0.3972,0.0089
6.7000,0.1117,0.3986,0.0090
6.7200,0.1120,0.4000,0.0091
6.7400,0.1123,0.4012,0.0092
6.7600,0.1126,0.4023,0.0093
6.7800,0.1129,0.4036,0.0093
6.8000,0.1132,0.4049,0.0094
6.8200,0.1136,0.4065,0.0095
6.8400,0.1141,0.4085,0.0096
6.8600,0.1145,0.4106,0.0098
6.8800,0.1149,0.4127,0.0099
6.9000,0.1153,0.4147,0.0100
6.9200,0.1156,0.4165,0.0102
6.9400,0.1159,0.4179,0.0102
6.9600,0.1161,0.4191,0.0103
6.9800,0.1164,0.4203,0.0104
7.0000,0.1167,0.4217,0.0105
7.0200,0.1169,0.4229,0.0106
7.0400,0.1172,0.4241,0.0106
7.0600,0.1175,0.4253,0.0107
7.0800,0.1178,0.4265,0.0108
7.1000,0.1182,0.4280,0.0109
7.1200,0.1186,0.4297,0.0110
7.1400,0.1190,0.4317,0.0111
7.1600,0.1195,0.4341,0.0113
7.1800,0.1199,0.4363,0.0114
7.2000,0.1203,0.4384,0.0116
7.2200,0.1206,0.4399,0.0117
7.2400,0.1209,0.4414,0.0118
7.2600,0.1212,0.4429,0.0119
7.2800,0.1216,0.4443,0.0119
7.3000,0.1218,0.4457,0.0120
7.3200,0.1220,0.4470,0.0121
7.3400,0.1224,0.4482,0.0122
7.3600,0.1226,0.4493,0.0123
7.3800,0.1229,0.4505,0.0123
7.4000,0.1232,0.4518,0.0124
7.4200,0.1235,0.4532,0.0125
7.4400,0.1240,0.4549,0.0127
7.4600,0.1244,0.4567,0.0128
7.4800,0.1248,0.4589,0.0129
7.5000,0.1252,0.4610,0.0131
7.5200,0.1255,0.4629,0.0132
7.5400,0.1259,0.4648,0.0133
7.5600,0.1262,0.4664,0.0134
7.5800,0.1265,0.4678,0.0135
7.6000,0.1267,0.4691,0.0136
7.6200,0.1270,0.4704,0.0137
7.6400,0.1273,0.4716,0.0137
7.6600,0.1276,0.4727,0.0138
7.6800,0.1279,0.4741,0.0139
7.7000,0.1282,0.4754,0.0140
7.7200,0.1286,0.4771,0.0141
7.7400,0.1290,0.4790,0.0143
7.7600,0.1294,0.4810,0.0144
7.7800,0.1299,0.4833,0.0145
7.8000,0.1303,0.4856,0.0147
7.8200,0.1306,0.4876,0.0148
7.8400,0.1309,0.4894,0.0149
7.8600,0.1312,0.4908,0.0150
7.8800,0.1316,0.4923,0.0151
7.9000,0.1318,0.4938,0.0152
7.9200,0.1321,0.4952,0.0153
7.9400,0.1324,0.4963,0.0154
7.9600,0.1326,0.4975,0.0154
7.9800,0.1329,0.4986,0.0155
8.0000,0.1332,0.4998,0.0156
8.0200,0.1335,0.5011,0.0156
8.0400,0.1339,0.5027,0.0158
8.0600,0.1343,0.5047,0.0159
8.0800,0.1347,0.5068,0.0161
8.1000,0.1352,0.5090,0.0162
8.1200,0.1355,0.5111,0.0163
8.1400,0.1359,0.5130,0.0165
8.1600,0.1362,0.5146,0.0166
8.1800,0.1366,0.5164,0.0167
8.2000,0.1368,0.5179,0.0168
8.2200,0.1371,0.5193,0.0169
8.2400,0.1374,0.5204,0.0170
8.2600,0.1376,0.5213,0.0170
8.2800,0.1379,0.5223,0.0171
8.3000,0.1382,0.5236,0.0172
8.3200,0.1385,0.5252,0.0173
8.3400,0.1390,0.5270,0.0174
8.3600,0.1394,0.5290,0.0175
8.3800,0.1399,0.5312,0.0177
8.4000,0.1403,0.5336,0.0178
8.4200,0.1406,0.5357,0.0180
8.4400,0.1409,0.5374,0.0181
8.4600,0.1413,0.5390,0.0182
8.4800,0.1415,0.5405,0.0183
8.5000,0.1419,0.5418,0.0184
8.5200,0.1421,0.5430,0.0184
8.5400,0.1424,0.5442,0.0185
8.5600,0.1426,0.5456,0.0186
8.5800,0.1429,0.5468,0.0187
8.6000,0.1432,0.5479,0.0188
8.6200,0.1435,0.5491,0.0189
8.6400,0.1438,0.5506,0.0189
8.6600,0.1442,0.5525,0.0191
8.6800,0.1447,0.5545,0.0192
8.7000,0.1451,0.5569,0.0193
8.7200,0.1455,0.5592,0.0195
8.7400,0.1459,0.5612,0.0197
8.7600,0.1462,0.5630,0.0198
8.7800,0.1466,0.5646,0.0199
8.8000,0.1469,0.5662,0.0200
8.8200,0.1472,0.5675,0.0200
8.8400,0.1474,0.5688,0.0201
8.8600,0.1476,0.5700,0.0202
8.8800,0.1479,0.5711,0.0203
8.9000,0.1482,0.5723,0.0203
8.9200,0.1486,0.5735,0.0204
8.9400,0.1489,0.5750,0.0205
8.9600,0.1494,0.5769,0.0206
8.9800,0.1498,0.5790,0.0207
9.0000,0.1502,0.5812,0.0209
9.0200,0.1506,0.5834,0.0211
9.0400,0.1509,0.5855,0.0212
9.0600,0.1512,0.5870,0.0213
9.0800,0.1516,0.5883,0.0214
9.1000,0.1518,0.5897,0.0214
9.1200,0.1521,0.5909,0.0215
9.1400,0.1524,0.5921,0.0216
9.1600,0.1527,0.5934,0.0217
9.1800,0.1529,0.5946,0.0218
9.2000,0.1532,0.5959,0.0218
9.2200,0.1535,0.5971,0.0219
9.2400,0.1538,0.5983,0.0220
9.2600,0.1542,0.5998,0.0221
9.2800,0.1546,0.6016,0.0222
9.3000,0.1550,0.6038,0.0223
9.3200,0.1555,0.6063,0.0225
9.3400,0.1559,0.6086,0.0227
9.3600,0.1563,0.6106,0.0228
9.3800,0.1566,0.6125,0.0229
9.4000,0.1569,0.6140,0.0230
9.4200,0.1572,0.6154,0.0230
9.4400,0.1575,0.6169,0.0231
9.4600,0.1577,0.6181,0.0232
9.4800,0.1580,0.6190,0.0233
9.5000,0.1582,0.6201,0.0233
9.5200,0.1585,0.6211,0.0234
9.5400,0.1589,0.6224,0.0235
9.5600,0.1593,0.6243,0.0236
9.5800,0.1597,0.6263,0.0237
9.6000,0.1601,0.6285,0.0239
9.6200,0.1606,0.6307,0.0240
9.6400,0.1609,0.6327,0.0241
9.6600,0.1612,0.6344,0.0242
9.6800,0.1615,0.6361,0.0243
9.7000,0.1618,0.6375,0.0244
9.7200,0.1622,0.6389,0.0245
9.7400,0.1624,0.6402,0.0246
9.7600,0.1627,0.6416,0.0247
9.7800,0.1630,0.6429,0.0247
9.8000,0.1632,0.6442,0.0248
9.8200,0.1636,0.6453,0.0249
9.8400,0.1638,0.6465,0.0249
9.8600,0.1641,0.6478,0.0250
9.8800,0.1646,0.6494,0.0251
9.9000,0.1650,0.6514,0.0253
9.9200,0.1655,0.6537,0.0254
9.9400,0.1659,0.6560,0.0256
9.9600,0.1663,0.6583,0.0257
9.9800,0.1666,0.6604,0.0258
10.0000,0.1669,0.6621,0.0259
10.0200,0.1672,0.6636,0.0260
10.0400,0.1675,0.6649,0.0261
10.0600,0.1678,0.6660,0.0262
10.0800,0.1681,0.6672,0.0262
10.1000,0.1683,0.6684,0.0263
10.1200,0.1685,0.6696,0.0264
10.1400,0.1689,0.6709,0.0264
10.1600,0.1692,0.6724,0.0265
10.1800,0.1696,0.6741,0.0266
10.2000,0.1700,0.6762,0.0268
10.2200,0.1705,0.6784,0.0269
10.2400,0.1708,0.6808,0.0270
10.2600,0.1712,0.6829,0.0272
10.2800,0.1715,0.6849,0.0273
10.3000,0.1719,0.6866,0.0274
10.3200,0.1722,0.6881,0.0275
10.3400,0.1725,0.6897,0.0276
10.3600,0.1728,0.6910,0.0277
10.3800,0.1730,0.6921,0.0278
10.4000,0.1733,0.6933,0.0278
10.4200,0.1736,0.6946,0.0279
10.4400,0.1738,0.6959,0.0279
10.4600,0.1742,0.6973,0.0280
10.4800,0.1745,0.6989,0.0281
10.5000,0.1750,0.7006,0.0283
10.5200,0.1754,0.7027,0.0284
10.5400,0.1759,0.7051,0.0286
10.5600,0.1763,0.7076,0.0288
10.5800,0.1767,0.7099,0.0289
10.6000,0.1769,0.7117,0.0290
10.6200,0.1773,0.7131,0.0291
10.6400,0.1775,0.7144,0.0292
10.6600,0.1777,0.7156,0.0292
10.6800,0.1780,0.7169,0.0293
10.7000,0.1783,0.7179,0.0293
10.7200,0.1786,0.7191,0.0294
10.7400,0.1788,0.7205,0.0295
10.7600,0.1791,0.7218,0.0296
10.7800,0.1795,0.7233,0.0296
10.8000,0.1799,0.7252,0.0298
10.8200,0.1804,0.7275,0.0299
10.8400,0.1809,0.7300,0.0301
10.8600,0.1812,0.7323,0.0302
10.8800,0.1816,0.7345,0.0304
10.9000,0.1819,0.7364,0.0305
10.9200,0.1822,0.7382,0.0306
10.9400,0.1825,0.7396,0.0307
10.9600,0.1828,0.7410,0.0308
10.9800,0.1831,0.7424,0.0309
11.0000,0.1834,0.7436,0.0309
11.0200,0.1836,0.7448,0.0311
11.0400,0.1839,0.7461,0.0311
11.0600,0.1842,0.7473,0.0312
11.0800,0.1845,0.7488,0.0313
11.1000,0.1849,0.7506,0.0314
11.1200,0.1854,0.7525,0.0315
11.1400,0.1858,0.7549,0.0317
11.1600,0.1863,0.7573,0.0318
11.1800,0.1866,0.7596,0.0320
11.2000,0.1869,0.7615,0.0321
11.2200,0.1872,0.7631,0.0322
11.2400,0.1875,0.7645,0.0323
11.2600,0.1878,0.7657,0.0324
11.2800,0.1881,0.7670,0.0324
11.3000,0.1883,0.7684,0.0325
11.3200,0.1886,0.7695,0.0326
11.3400,0.1888,0.7706,0.0327
11.3600,0.1892,0.7718,0.0327
11.3800,0.1895,0.7733,0.0328
11.4000,0.1899,0.7752,0.0330
11.4200,0.1903,0.7773,0.0331
11.4400,0.1908,0.7797,0.0333
11.4600,0.1912,0.7822,0.0334
11.4800,0.1916,0.7845,0.0336
11.5000,0.1919,0.7866,0.0337
11.5200,0.1923,0.7882,0.0338
11.5400,0.1925,0.7897,0.0339
11.5600,0.1929,0.7911,0.0340
11.5800,0.1931,0.7926,0.0341
11.6000,0.1934,0.7942,0.0342
11.6200,0.1937,0.7954,0.0343
11.6400,0.1940,0.7966,0.0343
11.6600,0.1942,0.7979,0.0343
11.6800,0.1945,0.7992,0.0344
11.7000,0.1949,0.8008,0.0346
11.7200,0.1953,0.8027,0.0347
11.7400,0.1957,0.8047,0.0348
11.7600,0.1961,0.8071,0.0350
11.7800,0.1966,0.8095,0.0351
11.8000,0.1969,0.8119,0.0353
11.8200,0.1972,0.8138,0.0354
11.8400,0.1975,0.8154,0.0355
11.8600,0.1978,0.8168,0.0356
11.8800,0.1981,0.8182,0.0357
11.9000,0.1984,0.8196,0.0358
11.9200,0.1986,0.8211,0.0359
11.9400,0.1989,0.8222,0.0359
11.9600,0.1992,0.8233,0.0360
11.9800,0.1995,0.8248,0.0361
12.0000,0.1999,0.8264,0.0362
12.0200,0.2003,0.8282,0.0363
12.0400,0.2007,0.8304,0.0365
12.0600,0.2012,0.8328,0.0366
12.0800,0.2016,0.8354,0.0368
12.1000,0.2020,0.8377,0.0370
12.1200,0.2023,0.8396,0.0371
12.1400,0.2026,0.8413,0.0372
12.1600,0.2029,0.8428,0.0373
12.1800,0.2032,0.8443,0.0374
12.2000,0.2035,0.8458,0.0375
12.2200,0.2037,0.8471,0.0375
12.2400,0.2040,0.8484,0.0376
12.2600,0.2043,0.8495,0.0377
12.2800,0.2045,0.8507,0.0378
12.3000,0.2048,0.8520,0.0378
12.3200,0.2052,0.8534,0.0379
12.3400,0.2056,0.8553,0.0380
12.3600,0.2060,0.8577,0.0382
12.3800,0.2065,0.8603,0.0384
12.4000,0.2068,0.8627,0.0386
12.4200,0.2072,0.8649,0.0387
12.4400,0.2075,0.8671,0.0389
12.4600,0.2079,0.8688,0.0390
12.4800,0.2081,0.8703,0.0390
12.5000,0.2084,0.8718,0.0391
12.5200,0.2087,0.8732,0.0392
12.5400,0.2089,0.8746,0.0393
12.5600,0.2092,0.8758,0.0394
12.5800,0.2095,0.8772,0.0395
12.6000,0.2098,0.8786,0.0396
12.6200,0.2103,0.8802,0.0397
12.6400,0.2107,0.8823,0.0398
12.6600,0.2111,0.8847,0.0400
12.6800,0.2116,0.8871,0.0401
12.7000,0.2119,0.8895,0.0403
12.7200,0.2123,0.8917,0.0404
12.7400,0.2126,0.8936,0.0406
12.7600,0.2129,0.8953,0.0407
12.7800,0.2132,0.8966,0.0408
12.8000,0.2135,0.8981,0.0408
12.8200,0.2137,0.8996,0.0409
12.8400,0.2140,0.9009,0.0410
12.8600,0.2143,0.9022,0.0411
12.8800,0.2146,0.9034,0.0412
12.9000,0.2148,0.9047,0.0413
12.9200,0.2151,0.9064,0.0413
12.9400,0.2156,0.9081,0.0414
12.9600,0.2160,0.9104,0.0416
12.9800,0.2164,0.9129,0.0417
13.0000,0.2168,0.9153,0.0419
13.0200,0.2172,0.9176,0.0421
13.0400,0.2176,0.9196,0.0423
13.0600,0.2179,0.9216,0.0424
13.0800,0.2182,0.9233,0.0425
13.1000,0.2185,0.9249,0.0426
13.1200,0.2188,0.9266,0.0427
13.1400,0.2191,0.9278,0.0428
13.1600,0.2193,0.9290,0.0428
13.1800,0.2195,0.9303,0.0429
13.2000,0.2199,0.9318,0.0430
13.2200,0.2202,0.9335,0.0431
13.2400,0.2207,0.9355,0.0432
13.2600,0.2211,0.9378,0.0434
13.2800,0.2215,0.9402,0.0435
13.3000,0.2219,0.9429,0.0437
13.3200,0.2223,0.9449,0.0439
13.3400,0.2225,0.9468,0.0440
13.3600,0.2229,0.9485,0.0441
13.3800,0.2232,0.9500,0.0442
13.4000,0.2235,0.9516,0.0443
13.4200,0.2238,0.9532,0.0444
13.4400,0.2240,0.9546,0.0445
13.4600,0.2243,0.9560,0.0446
13.4800,0.2245,0.9573,0.0446
13.5000,0.2248,0.9586,0.0447
13.5200,0.2252,0.9599,0.0448
13.5400,0.2255,0.9616,0.0449
13.5600,0.2259,0.9636,0.0451
13.5800,0.2264,0.9660,0.0452
13.6000,0.2268,0.9687,0.0454
13.6200,0.2272,0.9712,0.0456
13.6400,0.2276,0.9735,0.0457
13.6600,0.2279,0.9755,0.0458
13.6800,0.2282,0.9772,0.0459
13.7000,0.2285,0.9789,0.0460
13.7200,0.2288,0.9805,0.0461
13.7400,0.2291,0.9818,0.0462
13.7600,0.2293,0.9833,0.0463
13.7800,0.2296,0.9847,0.0464
13.8000,0.2299,0.9861,0.0465
13.8200,0.2302,0.9876,0.0466
13.8400,0.2306,0.9893,0.0467
13.8600,0.2310,0.9914,0.0468
13.8800,0.2314,0.9938,0.0470
13.9000,0.2318,0.9962,0.0472
13.9200,0.2322,0.9984,0.0473
13.9400,0.2326,1.0006,0.0474
13.9600,0.2329,1.0025,0.0476
13.9800,0.2332,1.0042,0.0477
14.0000,0.2335,1.0059,0.0477
14.0200,0.2338,1.0078,0.0478
14.0400,0.2341,1.0095,0.0480
14.0600,0.2344,1.0108,0.0481
14.0800,0.2346,1.0120,0.0481
14.1000,0.2349,1.0134,0.0482
14.1200,0.2352,1.0148,0.0483
14.1400,0.2355,1.0164,0.0484
14.1600,0.2359,1.0182,0.0485
14.1800,0.2364,1.0203,0.0487
14.2000,0.2368,1.0227,0.0488
14.2200,0.2372,1.0252,0.0490
14.2400,0.2376,1.0277,0.0491
14.2600,0.2380,1.0299,0.0493
14.2800,0.2383,1.0319,0.0494
14.3000,0.2386,1.0338,0.0495
14.3200,0.2389,1.0356,0.0497
14.3400,0.2391,1.0370,0.0498
14.3600,0.2394,1.0382,0.0498
14.3800,0.2396,1.0396,0.0499
14.4000,0.2399,1.0409,0.0500
14.4200,0.2402,1.0421,0.0500
14.4400,0.2405,1.0437,0.0501
14.4600,0.2409,1.0456,0.0503
14.4800,0.2413,1.0478,0.0504
14.5000,0.2418,1.0505,0.0505
14.5200,0.2421,1.0531,0.0507
14.5400,0.2425,1.0557,0.0509
14.5600,0.2428,1.0579,0.0510
14.5800,0.2432,1.0598,0.0511
14.6000,0.2435,1.0615,0.0513
14.6200,0.2439,1.0633,0.0514
14.6400,0.2441,1.0649,0.0515
14.6600,0.2444,1.0664,0.0516
14.6800,0.2447,1.0679,0.0517
14.7000,0.2449,1.0694,0.0517
14.7200,0.2452,1.0709,0.0518
14.7400,0.2455,1.0722,0.0519
14.7600,0.2459,1.0737,0.0520
14.7800,0.2463,1.0757,0.0521
14.8000,0.2467,1.0780,0.0523
14.8200,0.2472,1.0805,0.0524
14.8400,0.2476,1.0831,0.0526
14.8600,0.2479,1.0856,0.0528
14.8800,0.2483,1.0876,0.0529
14.9000,0.2486,1.0895,0.0530
14.9200,0.2489,1.0911,0.0532
14.9400,0.2491,1.0926,0.0532
14.9600,0.2494,1.0940,0.0533
14.9800,0.2496,1.0952,0.0534
15.0000,0.2499,1.0964,0.0534
15.0200,0.2502,1.0979,0.0535
15.0400,0.2505,1.0994,0.0536
15.0600,0.2509,1.1011,0.0537
15.0800,0.2512,1.1032,0.0539
15.1000,0.2517,1.1055,0.0540
15.1200,0.2522,1.1080,0.0542
15.1400,0.2525,1.1108,0.0544
15.1600,0.2529,1.1134,0.0546
15.1800,0.2532,1.1156,0.0547
15.2000,0.2536,1.1174,0.0548
15.2200,0.2539,1.1190,0.0549
15.2400,0.2541,1.1208,0.0550
15.2600,0.2545,1.1224,0.0551
15.2800,0.2547,1.1240,0.0552
15.3000,0.2550,1.1253,0.0553
15.3200,0.2553,1.1267,0.0554
15.3400,0.2555,1.1282,0.0555
15.3600,0.2559,1.1296,0.0555
15.3800,0.2563,1.1315,0.0556
15.4000,0.2567,1.1336,0.0558
15.4200,0.2571,1.1361,0.0560
15.4400,0.2575,1.1388,0.0561
15.4600,0.2579,1.1412,0.0563
15.4800,0.2582,1.1433,0.0564
15.5000,0.2585,1.1453,0.0565
15.5200,0.2589,1.1472,0.0567
15.5400,0.2591,1.1487,0.0567
15.5600,0.2594,1.1501,0.0569
15.5800,0.2597,1.1516,0.0570
15.6000,0.2599,1.1530,0.0570
15.6200,0.2602,1.1543,0.0571
15.6400,0.2605,1.1557,0.0572
15.6600,0.2608,1.1572,0.0573
15.6800,0.2612,1.1591,0.0574
15.7000,0.2616,1.1614,0.0575
15.7200,0.2621,1.1640,0.0577
15.7400,0.2626,1.1667,0.0579
15.7600,0.2629,1.1694,0.0581
15.7800,0.2632,1.1718,0.0583
15.8000,0.2636,1.1739,0.0584
15.8200,0.2639,1.1756,0.0585
15.8400,0.2642,1.1775,0.0586
15.8600,0.2645,1.1793,0.0587
15.8800,0.2648,1.1808,0.0588
15.9000,0.2650,1.1823,0.0589
15.9200,0.2653,1.1839,0.0589
15.9400,0.2656,1.1854,0.0590
15.9600,0.2659,1.1867,0.0591
15.9800,0.2662,1.1882,0.0592
16.0000,0.2666,1.1902,0.0593
16.0200,0.2671,1.1924,0.0595
16.0400,0.2674,1.1950,0.0597
16.0600,0.2678,1.1976,0.0599
16.0800,0.2682,1.1999,0.0600
16.1000,0.2686,1.2021,0.0601
16.1200,0.2689,1.2040,0.0602
16.1400,0.2691,1.2059,0.0604
16.1600,0.2695,1.2077,0.0604
16.1800,0.2697,1.2091,0.0606
16.2000,0.2700,1.2107,0.0607
16.2200,0.2702,1.2123,0.0608
16.2400,0.2705,1.2137,0.0608
16.2600,0.2708,1.2148,0.0609
16.2800,0.2712,1.2164,0.0610
16.3000,0.2716,1.2184,0.0612
16.3200,0.2720,1.2210,0.0613
16.3400,0.2725,1.2239,0.0616
16.3600,0.2729,1.2267,0.0617
16.3800,0.2733,1.2291,0.0619
16.4000,0.2736,1.2314,0.0620
16.4200,0.2739,1.2334,0.0621
16.4400,0.2742,1.2353,0.0622
16.4600,0.2746,1.2369,0.0624
16.4800,0.2748,1.2386,0.0625
16.5000,0.2751,1.2402,0.0625
16.5200,0.2753,1.2417,0.0626
16.5400,0.2756,1.2430,0.0627
16.5600,0.2758,1.2443,0.0628
16.5800,0.2762,1.2457,0.0628
16.6000,0.2765,1.2476,0.0630
16.6200,0.2770,1.2496,0.0631
16.6400,0.2774,1.2521,0.0633
16.6600,0.2778,1.2548,0.0634
16.6800,0.2782,1.2575,0.0636
16.7000,0.2786,1.2601,0.0638
16.7200,0.2788,1.2622,0.0640
16.7400,0.2792,1.2639,0.0641
16.7600,0.2795,1.2658,0.0642
16.7800,0.2797,1.2675,0.0643
16.8000,0.2800,1.2689,0.0644
16.8200,0.2803,1.2703,0.0645
16.8400,0.2806,1.2716,0.0645
16.8600,0.2809,1.2730,0.0646
16.8800,0.2812,1.2746,0.0648
16.9000,0.2816,1.2764,0.0648
16.9200,0.2820,1.2787,0.0650
16.9400,0.2825,1.2813,0.0652
16.9600,0.2829,1.2843,0.0654
16.9800,0.2833,1.2872,0.0655
17.0000,0.2836,1.2896,0.0657
17.0200,0.2839,1.2916,0.0658
17.0400,0.2842,1.2934,0.0659
17.0600,0.2845,1.2949,0.0660
17.0800,0.2848,1.2964,0.0661
17.1000,0.2851,1.2978,0.0662
17.1200,0.2853,1.2993,0.0663
17.1400,0.2856,1.3007,0.0664
17.1600,0.2859,1.3021,0.0664
17.1800,0.2862,1.3037,0.0665
17.2000,0.2865,1.3053,0.0666
17.2200,0.2869,1.3073,0.0668
17.2400,0.2873,1.3099,0.0669
17.2600,0.2878,1.3126,0.0671
17.2800,0.2882,1.3155,0.0672
17.3000,0.2885,1.3182,0.0675
17.3200,0.2889,1.3206,0.0676
17.3400,0.2892,1.3226,0.0678
17.3600,0.2896,1.3243,0.0679
17.3800,0.2898,1.3260,0.0680
17.4000,0.2901,1.3276,0.0681
17.4200,0.2904,1.3291,0.0682
17.4400,0.2906,1.3306,0.0683
17.4600,0.2909,1.3318,0.0683
17.4800,0.2912,1.3332,0.0684
17.5000,0.2916,1.3350,0.0685
17.5200,0.2920,1.3371,0.0686
17.5400,0.2924,1.3395,0.0688
17.5600,0.2929,1.3422,0.0690
17.5800,0.2932,1.3450,0.0692
17.6000,0.2936,1.3476,0.0693
17.6200,0.2939,1.3497,0.0695
17.6400,0.2942,1.3513,0.0696
17.6600,0.2945,1.3530,0.0697
17.6800,0.2948,1.3546,0.0698
17.7000,0.2951,1.3565,0.0699
17.7200,0.2954,1.3581,0.0700
17.7400,0.2957,1.3598,0.0701
17.7600,0.2959,1.3614,0.0701
17.7800,0.2962,1.3627,0.0702
17.8000,0.2965,1.3642,0.0703
17.8200,0.2968,1.3661,0.0705
17.8400,0.2973,1.3683,0.0706
17.8600,0.2977,1.3708,0.0708
17.8800,0.2981,1.3737,0.0709
17.9000,0.2986,1.3765,0.0712
17.9200,0.2989,1.3790,0.0713
17.9400,0.2992,1.3813,0.0714
17.9600,0.2996,1.3834,0.0715
17.9800,0.2999,1.3852,0.0717
18.0000,0.3002,1.3868,0.0718
18.0200,0.3004,1.3882,0.0719
18.0400,0.3007,1.3896,0.0719
18.0600,0.3010,1.3911,0.0721
18.0800,0.3012,1.3925,0.0721
18.1000,0.3016,1.3941,0.0722
18.1200,0.3019,1.3958,0.0723
18.1400,0.3023,1.3978,0.0724
18.1600,0.3027,1.4003,0.0726
18.1800,0.3032,1.4031,0.0728
18.2000,0.3035,1.4059,0.0730
18.2200,0.3039,1.4083,0.0731
18.2400,0.3042,1.4102,0.0733
18.2600,0.3045,1.4121,0.0733
18.2800,0.3048,1.4140,0.0735
18.3000,0.3051,1.4158,0.0736
18.3200,0.3054,1.4176,0.0737
18.3400,0.3057,1.4193,0.0738
18.3600,0.3059,1.4209,0.0739
18.3800,0.3063,1.4225,0.0740
18.4000,0.3065,1.4241,0.0740
18.4200,0.3069,1.4256,0.0742
18.4400,0.3072,1.4274,0.0743
18.4600,0.3077,1.4298,0.0744
18.4800,0.3081,1.4326,0.0746
18.5000,0.3085,1.4354,0.0747
18.5200,0.3089,1.4381,0.0749
18.5400,0.3093,1.4406,0.0751
18.5600,0.3096,1.4428,0.0752
18.5800,0.3100,1.4449,0.0754
18.6000,0.3102,1.4467,0.0755
18.6200,0.3105,1.4483,0.0756
18.6400,0.3108,1.4498,0.0757
18.6600,0.3110,1.4511,0.0757
18.6800,0.3112,1.4522,0.0758
18.7000,0.3115,1.4536,0.0759
18.7200,0.3118,1.4549,0.0760
18.7400,0.3122,1.4568,0.0761
18.7600,0.3126,1.4590,0.0762
18.7800,0.3131,1.4617,0.0764
18.8000,0.3135,1.4647,0.0766
18.8200,0.3139,1.4675,0.0768
18.8400,0.3142,1.4699,0.0769
18.8600,0.3145,1.4720,0.0771
18.8800,0.3148,1.4739,0.0772
18.9000,0.3152,1.4758,0.0773
18.9200,0.3155,1.4777,0.0774
18.9400,0.3157,1.4793,0.0775
18.9600,0.3160,1.4810,0.0776
18.9800,0.3163,1.4825,0.0777
19.0000,0.3166,1.4840,0.0778
19.0200,0.3169,1.4855,0.0779
19.0400,0.3172,1.4872,0.0780
19.0600,0.3176,1.4892,0.0781
19.0800,0.3181,1.4917,0.0782
19.1000,0.3185,1.4946,0.0784
19.1200,0.3189,1.4976,0.0786
19.1400,0.3193,1.5001,0.0788
19.1600,0.3196,1.5025,0.0789
19.1800,0.3199,1.5045,0.0791
19.2000,0.3202,1.5064,0.0792
19.2200,0.3205,1.5081,0.0792
19.2400,0.3207,1.5096,0.0793
19.2600,0.3210,1.5109,0.0794
19.2800,0.3213,1.5122,0.0795
19.3000,0.3215,1.5137,0.0796
19.3200,0.3218,1.5152,0.0797
19.3400,0.3222,1.5168,0.0797
19.3600,0.3226,1.5187,0.0799
19.3800,0.3230,1.5213,0.0801
19.4000,0.3235,1.5242,0.0802
19.4200,0.3238,1.5271,0.0804
19.4400,0.3242,1.5298,0.0806
19.4600,0.3246,1.5320,0.0808
19.4800,0.3249,1.5340,0.0809
19.5000,0.3252,1.5358,0.0810
19.5200,0.3255,1.5376,0.0811
19.5400,0.3258,1.5394,0.0812
19.5600,0.3260,1.5410,0.0813
19.5800,0.3264,1.5426,0.0814
19.6000,0.3266,1.5442,0.0815
19.6200,0.3269,1.5457,0.0815
19.6400,0.3272,1.5472,0.0816
19.6600,0.3276,1.5490,0.0817
19.6800,0.3280,1.5513,0.0819
19.7000,0.3284,1.5541,0.0820
19.7200,0.3289,1.5570,0.0822
19.7400,0.3292,1.5598,0.0824
19.7600,0.3296,1.5624,0.0825
19.7800,0.3299,1.5644,0.0827
19.8000,0.3302,1.5662,0.0828
19.8200,0.3305,1.5679,0.0829
19.8400,0.3307,1.5696,0.0830
19.8600,0.3310,1.5712,0.0831
19.8800,0.3313,1.5728,0.0831
19.9000,0.3316,1.5741,0.0832
19.9200,0.3318,1.5756,0.0833
19.9400,0.3321,1.5772,0.0834
19.9600,0.3325,1.5788,0.0835
19.9800,0.3329,1.5809,0.0836
20.0000,0.3334,1.5837,0.0838
20.0200,0.3339,1.5866,0.0840
20.0400,0.3342,1.5896,0.0842
20.0600,0.3346,1.5924,0.0844
20.0800,0.3349,1.5945,0.0845
20.1000,0.3352,1.5964,0.0846
20.1200,0.3356,1.5982,0.0847
20.1400,0.3358,1.6000,0.0848
20.1600,0.3361,1.6018,0.0849
20.1800,0.3364,1.6034,0.0850
20.2000,0.3366,1.6048,0.0851
20.2200,0.3369,1.6062,0.0851
20.2400,0.3372,1.6076,0.0852
20.2600,0.3376,1.6092,0.0853
20.2800,0.3379,1.6111,0.0854
20.3000,0.3383,1.6132,0.0856
20.3200,0.3387,1.6160,0.0858
20.3400,0.3392,1.6190,0.0859
20.3600,0.3395,1.6217,0.0861
20.3800,0.3399,1.6239,0.0862
20.4000,0.3402,1.6261,0.0864
20.4200,0.3405,1.6281,0.0865
20.4400,0.3408,1.6301,0.0866
20.4600,0.3411,1.6320,0.0867
20.4800,0.3414,1.6338,0.0868
20.5000,0.3416,1.6353,0.0869
20.5200,0.3419,1.6365,0.0870
20.5400,0.3422,1.6380,0.0871
20.5600,0.3425,1.6395,0.0871
20.5800,0.3429,1.6415,0.0873
20.6000,0.3433,1.6439,0.0874
20.6200,0.3438,1.6468,0.0876
20.6400,0.3442,1.6498,0.0878
20.6600,0.3446,1.6526,0.0879
20.6800,0.3449,1.6552,0.0881
20.7000,0.3453,1.6573,0.0883
20.7200,0.3456,1.6591,0.0883
20.7400,0.3459,1.6609,0.0884
20.7600,0.3462,1.6627,0.0885
20.7800,0.3464,1.6645,0.0886
20.8000,0.3467,1.6660,0.0887
20.8200,0.3469,1.6674,0.0888
20.8400,0.3472,1.6688,0.0889
20.8600,0.3475,1.6702,0.0890
20.8800,0.3478,1.6722,0.0891
20.9000,0.3482,1.6743,0.0892
20.9200,0.3486,1.6769,0.0893
20.9400,0.3491,1.6797,0.0895
20.9600,0.3495,1.6826,0.0898
20.9800,0.3499,1.6854,0.0899
21.0000,0.3502,1.6880,0.0901
21.0200,0.3506,1.6904,0.0902
21.0400,0.3509,1.6925,0.0903
21.0600,0.3512,1.6943,0.0904
21.0800,0.3514,1.6959,0.0905
21.1000,0.3517,1.6976,0.0906
21.1200,0.3520,1.6990,0.0907
21.1400,0.3522,1.7004,0.0908
21.1600,0.3526,1.7018,0.0909
21.1800,0.3529,1.7036,0.0910
21.2000,0.3533,1.7059,0.0911
21.2200,0.3538,1.7086,0.0913
21.2400,0.3542,1.7117,0.0915
21.2600,0.3546,1.7147,0.0917
21.2800,0.3550,1.7175,0.0919
21.3000,0.3553,1.7199,0.0920
21.3200,0.3556,1.7219,0.0922
21.3400,0.3559,1.7236,0.0922
21.3600,0.3562,1.7252,0.0923
21.3800,0.3565,1.7269,0.0924
21.4000,0.3567,1.7286,0.0925
21.4200,0.3569,1.7301,0.0926
21.4400,0.3572,1.7316,0.0927
21.4600,0.3575,1.7332,0.0928
21.4800,0.3578,1.7349,0.0929
21.5000,0.3582,1.7369,0.0930
21.5200,0.3586,1.7392,0.0931
21.5400,0.3590,1.7420,0.0933
21.5600,0.3595,1.7451,0.0935
21.5800,0.3598,1.7481,0.0937
21.6000,0.3602,1.7510,0.0939
21.6200,0.3606,1.7535,0.0940
21.6400,0.3609,1.7557,0.0942
21.6600,0.3612,1.7576,0.0943
21.6800,0.3615,1.7596,0.0944
21.7000,0.3618,1.7612,0.0945
21.7200,0.3620,1.7628,0.0946
21.7400,0.3622,1.7643,0.0947
21.7600,0.3625,1.7657,0.0947
21.7800,0.3629,1.7674,0.0948
21.8000,0.3633,1.7694,0.0950
21.8200,0.3637,1.7718,0.0951
21.8400,0.3642,1.7747,0.0953
21.8600,0.3646,1.7778,0.0955
21.8800,0.3649,1.7808,0.0957
21.9000,0.3652,1.7835,0.0958
21.9200,0.3656,1.7856,0.0960
21.9400,0.3658,1.7874,0.0961
21.9600,0.3662,1.7890,0.0962
21.9800,0.3664,1.7909,0.0963
22.0000,0.3667,1.7926,0.0964
22.0200,0.3670,1.7942,0.0966
22.0400,0.3672,1.7959,0.0967
22.0600,0.3676,1.7977,0.0968
22.0800,0.3678,1.7993,0.0968
22.1000,0.3681,1.8010,0.0969
22.1200,0.3685,1.8032,0.0971
22.1400,0.3689,1.8058,0.0972
22.1600,0.3694,1.8088,0.0974
22.1800,0.3699,1.8120,0.0976
22.2000,0.3702,1.8149,0.0978
22.2200,0.3706,1.8175,0.0980
22.2400,0.3709,1.8199,0.0981
22.2600,0.3712,1.8221,0.0983
22.2800,0.3715,1.8241,0.0984
22.3000,0.3718,1.8258,0.0985
22.3200,0.3721,1.8274,0.0986
22.3400,0.3723,1.8289,0.0987
22.3600,0.3726,1.8304,0.0988
22.3800,0.3729,1.8320,0.0988
22.4000,0.3732,1.8336,0.0989
22.4200,0.3736,1.8357,0.0991
22.4400,0.3740,1.8384,0.0993
22.4600,0.3745,1.8413,0.0994
22.4800,0.3748,1.8441,0.0996
22.5000,0.3752,1.8469,0.0998
22.5200,0.3755,1.8495,0.1000
22.5400,0.3759,1.8515,0.1001
22.5600,0.3762,1.8533,0.1002
22.5800,0.3764,1.8554,0.1003
22.6000,0.3768,1.8574,0.1004
22.6200,0.3770,1.8593,0.1005
22.6400,0.3773,1.8610,0.1007
22.6600,0.3776,1.8626,0.1008
22.6800,0.3778,1.8644,0.1008
22.7000,0.3782,1.8661,0.1010
22.7200,0.3785,1.8679,0.1011
22.7400,0.3789,1.8701,0.1013
22.7600,0.3793,1.8728,0.1014
22.7800,0.3798,1.8760,0.1016
22.8000,0.3802,1.8792,0.1018
22.8200,0.3806,1.8820,0.1020
22.8400,0.3809,1.8845,0.1021
22.8600,0.3813,1.8868,0.1023
22.8800,0.3815,1.8887,0.1024
22.9000,0.3819,1.8905,0.1025
22.9200,0.3821,1.8922,0.1026
22.9400,0.3823,1.8938,0.1027
22.9600,0.3826,1.8952,0.1028
22.9800,0.3829,1.8967,0.1029
23.0000,0.3832,1.8984,0.1029
23.0200,0.3835,1.9001,0.1031
23.0400,0.3839,1.9023,0.1032
23.0600,0.3844,1.9049,0.1034
23.0800,0.3848,1.9079,0.1036
23.1000,0.3852,1.9110,0.1038
23.1200,0.3856,1.9139,0.1039
23.1400,0.3859,1.9164,0.1041
23.1600,0.3862,1.9185,0.1042
23.1800,0.3865,1.9205,0.1044
23.2000,0.3868,1.9225,0.1045
23.2200,0.3871,1.9244,0.1046
23.2400,0.3873,1.9262,0.1047
23.2600,0.3876,1.9278,0.1048
23.2800,0.3879,1.9296,0.1049
23.3000,0.3882,1.9312,0.1050
23.3200,0.3885,1.9330,0.1051
23.3400,0.3889,1.9351,0.1052
23.3600,0.3893,1.9376,0.1054
23.3800,0.3898,1.9405,0.1056
23.4000,0.3902,1.9438,0.1058
23.4200,0.3906,1.9470,0.1060
23.4400,0.3910,1.9499,0.1062
23.4600,0.3913,1.9522,0.1064
23.4800,0.3916,1.9541,0.1065
23.5000,0.3918,1.9557,0.1066
23.5200,0.3921,1.9574,0.1067
23.5400,0.3924,1.9591,0.1067
23.5600,0.3926,1.9607,0.1068
23.5800,0.3929,1.9622,0.1069
23.6000,0.3932,1.9637,0.1070
23.6200,0.3935,1.9654,0.1071
23.6400,0.3939,1.9675,0.1072
23.6600,0.3943,1.9700,0.1074
23.6800,0.3948,1.9731,0.1076
23.7000,0.3952,1.9764,0.1078
23.7200,0.3956,1.9796,0.1080
23.7400,0.3959,1.9825,0.1082
23.7600,0.3963,1.9848,0.1083
23.7800,0.3965,1.9868,0.1085
23.8000,0.3969,1.9887,0.1086
23.8200,0.3971,1.9905,0.1087
23.8400,0.3974,1.9924,0.1088
23.8600,0.3977,1.9941,0.1089
23.8800,0.3979,1.9958,0.1090
23.9000,0.3982,1.9975,0.1091
23.9200,0.3985,1.9992,0.1092
23.9400,0.3989,2.0011,0.1093
23.9600,0.3993,2.0033,0.1094
23.9800,0.3997,2.0061,0.1096
24.0000,0.4002,2.0091,0.1098
24.0200,0.4006,2.0121,0.1100
24.0400,0.4009,2.0150,0.1102
24.0600,0.4012,2.0174,0.1104
24.0800,0.4015,2.0195,0.1106
24.1000,0.4018,2.0214,0.1107
24.1200,0.4021,2.0232,0.1108
24.1400,0.4024,2.0251,0.1109
24.1600,0.4026,2.0268,0.1109
24.1800,0.4029,2.0284,0.1110
24.2000,0.4032,2.0300,0.1111
24.2200,0.4035,2.0316,0.1112
24.2400,0.4039,2.0336,0.1114
24.2600,0.4042,2.0359,0.1115
24.2800,0.4047,2.0387,0.1117
24.3000,0.4052,2.0419,0.1119
24.3200,0.4056,2.0451,0.1121
24.3400,0.4060,2.0482,0.1123
24.3600,0.4063,2.0508,0.1125
24.3800,0.4066,2.0530,0.1126
24.4000,0.4069,2.0551,0.1127
24.4200,0.4072,2.0570,0.1129
24.4400,0.4075,2.0590,0.1129
24.4600,0.4077,2.0608,0.1130
24.4800,0.4080,2.0625,0.1132
24.5000,0.4083,2.0641,0.1133
24.5200,0.4086,2.0658,0.1134
24.5400,0.4089,2.0675,0.1134
24.5600,0.4092,2.0694,0.1135
24.5800,0.4097,2.0716,0.1137
24.6000,0.4101,2.0743,0.1139
24.6200,0.4105,2.0774,0.1142
24.6400,0.4109,2.0805,0.1143
24.6600,0.4113,2.0834,0.1145
24.6800,0.4115,2.0858,0.1146
24.7000,0.4119,2.0879,0.1148
24.7200,0.4121,2.0897,0.1149
24.7400,0.4124,2.0916,0.1150
24.7600,0.4127,2.0934,0.1151
24.7800,0.4130,2.0951,0.1152
24.8000,0.4132,2.0966,0.1153
24.8200,0.4135,2.0981,0.1154
24.8400,0.4138,2.0999,0.1155
24.8600,0.4142,2.1019,0.1157
24.8800,0.4146,2.1045,0.1158
24.9000,0.4151,2.1075,0.1160
24.9200,0.4155,2.1107,0.1162
24.9400,0.4159,2.1139,0.1164
24.9600,0.4162,2.1168,0.1166
24.9800,0.4166,2.1194,0.1167
25.0000,0.4169,2.1216,0.1169
25.0200,0.4173,2.1235,0.1170
25.0400,0.4175,2.1254,0.1171
25.0600,0.4178,2.1271,0.1172
25.0800,0.4181,2.1290,0.1173
25.1000,0.4183,2.1306,0.1174
25.1200,0.4186,2.1322,0.1175
25.1400,0.4188,2.1337,0.1176
25.1600,0.4191,2.1353,0.1177
25.1800,0.4195,2.1373,0.1178
25.2000,0.4199,2.1397,0.1180
25.2200,0.4204,2.1426,0.1182
25.2400,0.4208,2.1459,0.1184
25.2600,0.4212,2.1489,0.1186
25.2800,0.4216,2.1516,0.1188
25.3000,0.4219,2.1540,0.1189
25.3200,0.4221,2.1560,0.1190
25.3400,0.4225,2.1580,0.1191
25.3600,0.4227,2.1600,0.1193
25.3800,0.4230,2.1617,0.1194
25.4000,0.4233,2.1634,0.1195
25.4200,0.4235,2.1651,0.1196
25.4400,0.4238,2.1668,0.1196
25.4600,0.4242,2.1684,0.1198
25.4800,0.4246,2.1707,0.1199
25.5000,0.4250,2.1733,0.1201
25.5200,0.4255,2.1765,0.1203
25.5400,0.4259,2.1797,0.1205
25.5600,0.4263,2.1829,0.1207
25.5800,0.4266,2.1858,0.1209
25.6000,0.4269,2.1881,0.1211
25.6200,0.4272,2.1900,0.1212
25.6400,0.4275,2.1918,0.1212
25.6600,0.4278,2.1935,0.1214
25.6800,0.4280,2.1952,0.1215
25.7000,0.4283,2.1970,0.1215
25.7200,0.4286,2.1986,0.1216
25.7400,0.4288,2.2002,0.1217
25.7600,0.4292,2.2018,0.1218
25.7800,0.4295,2.2034,0.1219
25.8000,0.4299,2.2056,0.1221
25.8200,0.4303,2.2083,0.1223
25.8400,0.4308,2.2114,0.1224
25.8600,0.4311,2.2146,0.1227
25.8800,0.4315,2.2175,0.1229
25.9000,0.4319,2.2201,0.1230
25.9200,0.4322,2.2223,0.1232
25.9400,0.4325,2.2244,0.1233
25.9600,0.4328,2.2263,0.1235
25.9800,0.4331,2.2282,0.1236
26.0000,0.4333,2.2299,0.1237
26.0200,0.4336,2.2315,0.1238
26.0400,0.4339,2.2331,0.1238
26.0600,0.4342,2.2348,0.1239
26.0800,0.4346,2.2368,0.1240
26.1000,0.4350,2.2393,0.1242
26.1200,0.4354,2.2421,0.1244
26.1400,0.4359,2.2455,0.1246
26.1600,0.4363,2.2488,0.1248
26.1800,0.4366,2.2515,0.1250
26.2000,0.4369,2.2538,0.1251
26.2200,0.4372,2.2557,0.1252
26.2400,0.4375,2.2576,0.1254
26.2600,0.4378,2.2595,0.1255
26.2800,0.4381,2.2615,0.1256
26.3000,0.4384,2.2631,0.1257
26.3200,0.4386,2.2648,0.1258
26.3400,0.4389,2.2665,0.1259
26.3600,0.4392,2.2680,0.1260
26.3800,0.4395,2.2697,0.1260
26.4000,0.4399,2.2716,0.1262
26.4200,0.4403,2.2741,0.1264
26.4400,0.4407,2.2771,0.1266
26.4600,0.4412,2.2803,0.1268
26.4800,0.4415,2.2835,0.1270
26.5000,0.4419,2.2863,0.1272
26.5200,0.4422,2.2888,0.1273
26.5400,0.4426,2.2911,0.1275
26.5600,0.4429,2.2931,0.1276
26.5800,0.4431,2.2950,0.1277
26.6000,0.4434,2.2967,0.1278
26.6200,0.4437,2.2984,0.1279
26.6400,0.4439,2.3000,0.1280
26.6600,0.4442,2.3017,0.1281
26.6800,0.4446,2.3035,0.1282
26.7000,0.4450,2.3057,0.1283
26.7200,0.4453,2.3081,0.1284
26.7400,0.4458,2.3109,0.1286
26.7600,0.4461,2.3139,0.1288
26.7800,0.4465,2.3168,0.1290
26.8000,0.4469,2.3193,0.1292
26.8200,0.4472,2.3215,0.1294
26.8400,0.4475,2.3238,0.1295
26.8600,0.4479,2.3259,0.1296
26.8800,0.4481,2.3280,0.1297
26.9000,0.4484,2.3297,0.1298
26.9200,0.4487,2.3315,0.1300
26.9400,0.4489,2.3330,0.1301
26.9600,0.4492,2.3348,0.1302
26.9800,0.4495,2.3366,0.1303
27.0000,0.4498,2.3382,0.1304
27.0200,0.4503,2.3403,0.1305
27.0400,0.4507,2.3431,0.1307
27.0600,0.4511,2.3462,0.1309
27.0800,0.4515,2.3492,0.1311
27.1000,0.4519,2.3521,0.1313
27.1200,0.4523,2.3550,0.1314
27.1400,0.4526,2.3576,0.1316
27.1600,0.4529,2.3599,0.1318
27.1800,0.4532,2.3619,0.1318
27.2000,0.4535,2.3638,0.1319
27.2200,0.4537,2.3653,0.1321
27.2400,0.4540,2.3668,0.1322
27.2600,0.4542,2.3682,0.1322
27.2800,0.4545,2.3700,0.1323
27.3000,0.4549,2.3718,0.1324
27.3200,0.4552,2.3739,0.1325
27.3400,0.4557,2.3765,0.1327
27.3600,0.4561,2.3796,0.1329
27.3800,0.4565,2.3826,0.1331
27.4000,0.4569,2.3855,0.1333
27.4200,0.4572,2.3880,0.1335
27.4400,0.4576,2.3903,0.1336
27.4600,0.4579,2.3925,0.1338
27.4800,0.4581,2.3944,0.1339
27.5000,0.4585,2.3963,0.1339
27.5200,0.4587,2.3981,0.1341
27.5400,0.4590,2.3998,0.1342
27.5600,0.4593,2.4015,0.1343
27.5800,0.4595,2.4032,0.1344
27.6000,0.4599,2.4049,0.1345
27.6200,0.4602,2.4069,0.1346
27.6400,0.4607,2.4093,0.1348
27.6600,0.4611,2.4122,0.1350
27.6800,0.4615,2.4154,0.1352
27.7000,0.4619,2.4187,0.1354
27.7200,0.4623,2.4216,0.1355
27.7400,0.4626,2.4241,0.1357
27.7600,0.4629,2.4264,0.1359
27.7800,0.4632,2.4282,0.1360
27.8000,0.4634,2.4298,0.1361
27.8200,0.4637,2.4315,0.1362
27.8400,0.4640,2.4331,0.1363
27.8600,0.4642,2.4347,0.1364
27.8800,0.4645,2.4364,0.1364
27.9000,0.4648,2.4382,0.1365
27.9200,0.4652,2.4403,0.1367
27.9400,0.4656,2.4427,0.1369
27.9600,0.4660,2.4457,0.1371
27.9800,0.4664,2.4490,0.1373
28.0000,0.4669,2.4521,0.1374
28.0200,0.4672,2.4549,0.1376
28.0400,0.4675,2.4575,0.1378
28.0600,0.4678,2.4597,0.1379
28.0800,0.4682,2.4620,0.1381
28.1000,0.4685,2.4642,0.1383
28.1200,0.4687,2.4664,0.1384
28.1400,0.4691,2.4684,0.1385
28.1600,0.4693,2.4702,0.1386
28.1800,0.4696,2.4718,0.1388
28.2000,0.4699,2.4734,0.1388
28.2200,0.4702,2.4754,0.1389
28.2400,0.4706,2.4778,0.1391
28.2600,0.4711,2.4806,0.1393
28.2800,0.4715,2.4840,0.1395
28.3000,0.4719,2.4872,0.1397
28.3200,0.4722,2.4902,0.1399
28.3400,0.4726,2.4928,0.1400
28.3600,0.4729,2.4953,0.1402
28.3800,0.4731,2.4975,0.1404
28.4000,0.4735,2.4994,0.1405
28.4200,0.4737,2.5013,0.1406
28.4400,0.4740,2.5032,0.1407
28.4600,0.4743,2.5049,0.1408
28.4800,0.4745,2.5066,0.1410
28.5000,0.4748,2.5084,0.1410
28.5200,0.4751,2.5105,0.1412
28.5400,0.4756,2.5127,0.1414
28.5600,0.4760,2.5154,0.1415
28.5800,0.4764,2.5187,0.1418
28.6000,0.4768,2.5221,0.1420
28.6200,0.4772,2.5253,0.1422
28.6400,0.4776,2.5282,0.1424
28.6600,0.4779,2.5307,0.1425
28.6800,0.4782,2.5330,0.1427
28.7000,0.4785,2.5350,0.1429
28.7200,0.4788,2.5371,0.1430
28.7400,0.4791,2.5392,0.1431
28.7600,0.4794,2.5412,0.1432
28.7800,0.4796,2.5430,0.1434
28.8000,0.4799,2.5447,0.1434
28.8200,0.4802,2.5464,0.1436
28.8400,0.4806,2.5485,0.1437
28.8600,0.4810,2.5511,0.1438
28.8800,0.4814,2.5542,0.1441
28.9000,0.4818,2.5576,0.1443
28.9200,0.4822,2.5608,0.1445
28.9400,0.4825,2.5635,0.1447
28.9600,0.4828,2.5661,0.1449
28.9800,0.4832,2.5686,0.1451
29.0000,0.4835,2.5708,0.1452
29.0200,0.4837,2.5728,0.1453
29.0400,0.4840,2.5749,0.1454
29.0600,0.4843,2.5767,0.1455
29.0800,0.4846,2.5784,0.1456
29.1000,0.4848,2.5802,0.1458
29.1200,0.4851,2.5820,0.1459
29.1400,0.4855,2.5840,0.1460
29.1600,0.4859,2.5866,0.1462
29.1800,0.4864,2.5898,0.1464
29.2000,0.4869,2.5931,0.1466
29.2200,0.4873,2.5968,0.1469
29.2400,0.4876,2.6001,0.1471
29.2600,0.4880,2.6028,0.1473
29.2800,0.4883,2.6051,0.1474
29.3000,0.4886,2.6074,0.1476
29.3200,0.4889,2.6096,0.1477
29.3400,0.4892,2.6118,0.1478
29.3600,0.4894,2.6136,0.1479
29.3800,0.4896,2.6152,0.1480
29.4000,0.4899,2.6170,0.1481
29.4200,0.4902,2.6186,0.1483
29.4400,0.4905,2.6205,0.1484
29.4600,0.4909,2.6228,0.1485
29.4800,0.4913,2.6255,0.1487
29.5000,0.4917,2.6285,0.1489
29.5200,0.4922,2.6317,0.1491
29.5400,0.4925,2.6349,0.1494
29.5600,0.4929,2.6379,0.1496
29.5800,0.4932,2.6404,0.1497
29.6000,0.4935,2.6427,0.1499
29.6200,0.4938,2.6449,0.1500
29.6400,0.4941,2.6471,0.1501
29.6600,0.4944,2.6489,0.1503
29.6800,0.4946,2.6507,0.1504
29.7000,0.4949,2.6524,0.1505
29.7200,0.4952,2.6543,0.1506
29.7400,0.4955,2.6563,0.1507
29.7600,0.4959,2.6586,0.1509
29.7800,0.4964,2.6615,0.1511
29.8000,0.4969,2.6649,0.1513
29.8200,0.4973,2.6686,0.1516
29.8400,0.4977,2.6722,0.1518
29.8600,0.4980,2.6752,0.1520
29.8800,0.4983,2.6775,0.1522
29.9000,0.4986,2.6798,0.1523
29.9200,0.4989,2.6819,0.1524
29.9400,0.4991,2.6838,0.1526
29.9600,0.4994,2.6856,0.1527
29.9800,0.4997,2.6873,0.1528
30.0000,0.4999,2.6890,0.1528
30.0200,0.5002,2.6907,0.1529
30.0400,0.5005,2.6924,0.1531
30.0600,0.5008,2.6945,0.1533
30.0800,0.5012,2.6969,0.1534
30.1000,0.5016,2.6997,0.1536
30.1200,0.5021,2.7032,0.1538
30.1400,0.5025,2.7066,0.1541
30.1600,0.5029,2.7099,0.1543
30.1800,0.5032,2.7126,0.1545
30.2000,0.5036,2.7150,0.1546
30.2200,0.5038,2.7172,0.1548
30.2400,0.5042,2.7193,0.1549
30.2600,0.5044,2.7213,0.1551
30.2800,0.5047,2.7233,0.1552
30.3000,0.5050,2.7251,0.1553
30.3200,0.5052,2.7268,0.1554
30.3400,0.5055,2.7286,0.1555
30.3600,0.5059,2.7306,0.1556
30.3800,0.5063,2.7332,0.1558
30.4000,0.5068,2.7365,0.1560
30.4200,0.5072,2.7400,0.1563
30.4400,0.5076,2.7434,0.1565
30.4600,0.5080,2.7466,0.1567
30.4800,0.5082,2.7493,0.1569
30.5000,0.5086,2.7515,0.1570
30.5200,0.5088,2.7535,0.1572
30.5400,0.5091,2.7555,0.1573
30.5600,0.5094,2.7576,0.1574
30.5800,0.5097,2.7596,0.1575
30.6000,0.5099,2.7614,0.1576
30.6200,0.5102,2.7631,0.1578
30.6400,0.5105,2.7648,0.1579
30.6600,0.5108,2.7666,0.1580
30.6800,0.5112,2.7687,0.1581
30.7000,0.5116,2.7712,0.1583
30.7200,0.5120,2.7744,0.1585
30.7400,0.5125,2.7777,0.1587
30.7600,0.5128,2.7811,0.1590
30.7800,0.5132,2.7843,0.1592
30.8000,0.5135,2.7870,0.1593
30.8200,0.5139,2.7893,0.1595
30.8400,0.5142,2.7917,0.1597
30.8600,0.5145,2.7939,0.1598
30.8800,0.5147,2.7959,0.1600
30.9000,0.5150,2.7978,0.1601
30.9200,0.5152,2.7996,0.1601
30.9400,0.5155,2.8013,0.1603
30.9600,0.5159,2.8030,0.1604
30.9800,0.5163,2.8053,0.1606
31.0000,0.5167,2.8080,0.1607
31.0200,0.5171,2.8113,0.1609
31.0400,0.5175,2.8147,0.1611
31.0600,0.5179,2.8178,0.1614
31.0800,0.5182,2.8204,0.1616
31.1000,0.5185,2.8227,0.1617
31.1200,0.5188,2.8250,0.1619
31.1400,0.5192,2.8272,0.1620
31.1600,0.5194,2.8295,0.1621
31.1800,0.5197,2.8317,0.1623
31.2000,0.5200,2.8335,0.1624
31.2200,0.5203,2.8353,0.1625
31.2400,0.5206,2.8372,0.1627
31.2600,0.5208,2.8391,0.1628
31.2800,0.5212,2.8412,0.1629
31.3000,0.5216,2.8436,0.1631
31.3200,0.5220,2.8463,0.1633
31.3400,0.5224,2.8496,0.1635
31.3600,0.5229,2.8529,0.1637
31.3800,0.5232,2.8561,0.1639
31.4000,0.5236,2.8591,0.1641
31.4200,0.5240,2.8619,0.1643
31.4400,0.5242,2.8645,0.1645
31.4600,0.5246,2.8668,0.1646
31.4800,0.5248,2.8689,0.1647
31.5000,0.5251,2.8707,0.1649
31.5200,0.5253,2.8724,0.1650
31.5400,0.5255,2.8740,0.1651
31.5600,0.5259,2.8758,0.1652
31.5800,0.5262,2.8776,0.1653
31.6000,0.5266,2.8799,0.1655
31.6200,0.5270,2.8827,0.1656
31.6400,0.5274,2.8859,0.1659
31.6600,0.5278,2.8892,0.1661
31.6800,0.5282,2.8924,0.1663
31.7000,0.5285,2.8953,0.1665
31.7200,0.5289,2.8977,0.1667
31.7400,0.5292,2.9001,0.1668
31.7600,0.5295,2.9024,0.1670
31.7800,0.5298,2.9047,0.1671
31.8000,0.5300,2.9068,0.1672
31.8200,0.5304,2.9089,0.1674
31.8400,0.5306,2.9107,0.1675
31.8600,0.5309,2.9125,0.1676
31.8800,0.5312,2.9145,0.1677
31.9000,0.5315,2.9166,0.1679
31.9200,0.5320,2.9191,0.1680
31.9400,0.5324,2.9221,0.1683
31.9600,0.5328,2.9255,0.1685
31.9800,0.5332,2.9289,0.1687
32.0000,0.5336,2.9321,0.1690
32.0200,0.5340,2.9351,0.1691
32.0400,0.5343,2.9377,0.1693
32.0600,0.5346,2.9400,0.1695
32.0800,0.5349,2.9422,0.1696
32.1000,0.5351,2.9441,0.1697
32.1200,0.5353,2.9458,0.1699
32.1400,0.5356,2.9472,0.1700
32.1600,0.5358,2.9488,0.1700
32.1800,0.5361,2.9506,0.1701
32.2000,0.5365,2.9527,0.1703
32.2200,0.5369,2.9552,0.1704
32.2400,0.5374,2.9582,0.1706
32.2600,0.5378,2.9617,0.1709
32.2800,0.5382,2.9652,0.1711
32.3000,0.5386,2.9681,0.1714
32.3200,0.5389,2.9710,0.1716
32.3400,0.5392,2.9735,0.1717
32.3600,0.5395,2.9758,0.1719
32.3800,0.5398,2.9779,0.1720
32.4000,0.5401,2.9802,0.1721
32.4200,0.5404,2.9823,0.1723
32.4400,0.5407,2.9842,0.1724
32.4600,0.5409,2.9863,0.1726
32.4800,0.5412,2.9881,0.1727
32.5000,0.5416,2.9899,0.1728
32.5200,0.5419,2.9924,0.1730
32.5400,0.5424,2.9951,0.1731
32.5600,0.5428,2.9983,0.1733
32.5800,0.5432,3.0018,0.1736
32.6000,0.5436,3.0049,0.1738
32.6200,0.5439,3.0077,0.1740
32.6400,0.5442,3.0101,0.1741
32.6600,0.5445,3.0122,0.1743
32.6800,0.5448,3.0144,0.1744
32.7000,0.5451,3.0165,0.1746
32.7200,0.5454,3.0184,0.1747
32.7400,0.5456,3.0203,0.1749
32.7600,0.5459,3.0222,0.1749
32.7800,0.5462,3.0241,0.1750
32.8000,0.5465,3.0259,0.1752
32.8200,0.5469,3.0279,0.1753
32.8400,0.5473,3.0306,0.1755
32.8600,0.5478,3.0338,0.1757
32.8800,0.5482,3.0374,0.1760
32.9000,0.5486,3.0407,0.1762
32.9200,0.5489,3.0438,0.1765
32.9400,0.5493,3.0466,0.1766
32.9600,0.5496,3.0492,0.1768
32.9800,0.5499,3.0516,0.1769
33.0000,0.5502,3.0540,0.1771
33.0200,0.5504,3.0560,0.1772
33.0400,0.5507,3.0577,0.1773
33.0600,0.5510,3.0595,0.1774
33.0800,0.5512,3.0614,0.1776
33.1000,0.5515,3.0632,0.1777
33.1200,0.5519,3.0651,0.1778
33.1400,0.5523,3.0674,0.1780
33.1600,0.5526,3.0700,0.1782
33.1800,0.5531,3.0731,0.1784
33.2000,0.5534,3.0766,0.1787
33.2200,0.5538,3.0795,0.1788
33.2400,0.5542,3.0823,0.1790
33.2600,0.5545,3.0849,0.1792
33.2800,0.5548,3.0873,0.1793
33.3000,0.5552,3.0896,0.1795
33.3200,0.5554,3.0918,0.1796
33.3400,0.5556,3.0937,0.1798
33.3600,0.5560,3.0955,0.1799
33.3800,0.5562,3.0974,0.1800
33.4000,0.5565,3.0991,0.1801
33.4200,0.5568,3.1011,0.1803
33.4400,0.5572,3.1036,0.1804
33.4600,0.5577,3.1063,0.1806
33.4800,0.5582,3.1098,0.1809
33.5000,0.5586,3.1135,0.1811
33.5200,0.5590,3.1170,0.1814
33.5400,0.5593,3.1200,0.1816
33.5600,0.5596,3.1224,0.1817
33.5800,0.5599,3.1248,0.1819
33.6000,0.5602,3.1270,0.1820
33.6200,0.5605,3.1291,0.1822
33.6400,0.5607,3.1310,0.1823
33.6600,0.5610,3.1327,0.1824
33.6800,0.5613,3.1344,0.1825
33.7000,0.5615,3.1360,0.1826
33.7200,0.5618,3.1377,0.1827
33.7400,0.5622,3.1398,0.1828
33.7600,0.5626,3.1423,0.1830
33.7800,0.5630,3.1452,0.1832
33.8000,0.5634,3.1484,0.1835
33.8200,0.5638,3.1517,0.1837
33.8400,0.5642,3.1547,0.1839
33.8600,0.5645,3.1576,0.1841
33.8800,0.5649,3.1603,0.1843
33.9000,0.5652,3.1627,0.1845
33.9200,0.5655,3.1649,0.1847
33.9400,0.5658,3.1671,0.1848
33.9600,0.5660,3.1691,0.1849
33.9800,0.5662,3.1709,0.1850
34.0000,0.5666,3.1727,0.1851
34.0200,0.5668,3.1745,0.1852
34.0400,0.5672,3.1765,0.1854
34.0600,0.5676,3.1791,0.1856
34.0800,0.5681,3.1825,0.1858
34.1000,0.5686,3.1862,0.1861
34.1200,0.5690,3.1897,0.1863
34.1400,0.5693,3.1931,0.1865
34.1600,0.5696,3.1958,0.1868
34.1800,0.5699,3.1980,0.1869
34.2000,0.5702,3.2002,0.1870
34.2200,0.5705,3.2022,0.1871
34.2400,0.5707,3.2042,0.1873
34.2600,0.5710,3.2060,0.1874
34.2800,0.5713,3.2079,0.1875
34.3000,0.5716,3.2095,0.1877
34.3200,0.5718,3.2114,0.1878
34.3400,0.5721,3.2134,0.1879
34.3600,0.5725,3.2155,0.1881
34.3800,0.5729,3.2182,0.1883
34.4000,0.5734,3.2214,0.1885
34.4200,0.5738,3.2250,0.1887
34.4400,0.5742,3.2284,0.1889
34.4600,0.5746,3.2313,0.1892
34.4800,0.5749,3.2342,0.1894
34.5000,0.5752,3.2367,0.1895
34.5200,0.5755,3.2392,0.1897
34.5400,0.5758,3.2415,0.1899
34.5600,0.5761,3.2435,0.1900
34.5800,0.5763,3.2453,0.1901
34.6000,0.5766,3.2469,0.1902
34.6200,0.5769,3.2486,0.1903
34.6400,0.5772,3.2506,0.1905
34.6600,0.5777,3.2530,0.1907
34.6800,0.5781,3.2559,0.1909
34.7000,0.5785,3.2592,0.1911
34.7200,0.5789,3.2627,0.1913
34.7400,0.5793,3.2659,0.1916
34.7600,0.5796,3.2688,0.1918
34.7800,0.5799,3.2711,0.1919
34.8000,0.5802,3.2731,0.1921
34.8200,0.5805,3.2751,0.1922
34.8400,0.5808,3.2773,0.1923
34.8600,0.5810,3.2793,0.1925
34.8800,0.5813,3.2812,0.1926
34.9000,0.5816,3.2831,0.1927
34.9200,0.5818,3.2851,0.1929
34.9400,0.5822,3.2870,0.1930
34.9600,0.5825,3.2891,0.1931
34.9800,0.5829,3.2914,0.1933
35.0000,0.5833,3.2944,0.1935
35.0200,0.5838,3.2977,0.1938
35.0400,0.5842,3.3014,0.1940
35.0600,0.5846,3.3049,0.1942
35.0800,0.5849,3.3079,0.1945
35.1000,0.5853,3.3107,0.1946
35.1200,0.5856,3.3131,0.1948
35.1400,0.5859,3.3154,0.1950
35.1600,0.5861,3.3175,0.1951
35.1800,0.5864,3.3192,0.1952
35.2000,0.5866,3.3210,0.1953
35.2200,0.5869,3.3225,0.1955
35.2400,0.5872,3.3243,0.1956
35.2600,0.5876,3.3264,0.1957
35.2800,0.5879,3.3289,0.1959
35.3000,0.5884,3.3317,0.1961
35.3200,0.5888,3.3349,0.1963
35.3400,0.5892,3.3382,0.1966
35.3600,0.5896,3.3413,0.1968
35.3800,0.5899,3.3441,0.1970
35.4000,0.5902,3.3464,0.1972
35.4200,0.5905,3.3487,0.1973
35.4400,0.5908,3.3510,0.1974
35.4600,0.5911,3.3530,0.1976
35.4800,0.5914,3.3551,0.1978
35.5000,0.5916,3.3572,0.1979
35.5200,0.5919,3.3591,0.1980
35.5400,0.5922,3.3609,0.1981
35.5600,0.5925,3.3629,0.1983
35.5800,0.5929,3.3651,0.1984
35.6000,0.5932,3.3676,0.1986
35.6200,0.5937,3.3707,0.1988
35.6400,0.5942,3.3742,0.1991
35.6600,0.5946,3.3778,0.1993
35.6800,0.5950,3.3813,0.1995
35.7000,0.5953,3.3842,0.1998
35.7200,0.5956,3.3866,0.2000
35.7400,0.5959,3.3887,0.2001
35.7600,0.5961,3.3907,0.2002
35.7800,0.5964,3.3926,0.2004
35.8000,0.5967,3.3945,0.2005
35.8200,0.5969,3.3962,0.2006
35.8400,0.5972,3.3979,0.2007
35.8600,0.5975,3.3997,0.2009
35.8800,0.5979,3.4018,0.2010
35.9000,0.5982,3.4042,0.2012
35.9200,0.5987,3.4072,0.2014
35.9400,0.5991,3.4105,0.2016
35.9600,0.5995,3.4139,0.2018
35.9800,0.5998,3.4170,0.2021
36.0000,0.6002,3.4198,0.2023
36.0200,0.6005,3.4223,0.2024
36.0400,0.6008,3.4245,0.2026
36.0600,0.6011,3.4269,0.2027
36.0800,0.6014,3.4291,0.2029
36.1000,0.6017,3.4311,0.2030
36.1200,0.6019,3.4331,0.2032
36.1400,0.6022,3.4349,0.2033
36.1600,0.6025,3.4367,0.2034
36.1800,0.6028,3.4387,0.2036
36.2000,0.6032,3.4412,0.2037
36.2200,0.6037,3.4440,0.2040
36.2400,0.6041,3.4472,0.2042
36.2600,0.6046,3.4506,0.2044
36.2800,0.6050,3.4541,0.2047
36.3000,0.6053,3.4572,0.2049
36.3200,0.6056,3.4598,0.2051
36.3400,0.6058,3.4620,0.2052
36.3600,0.6062,3.4638,0.2054
36.3800,0.6064,3.4657,0.2055
36.4000,0.6066,3.4674,0.2057
36.4200,0.6069,3.4692,0.2058
36.4400,0.6072,3.4711,0.2059
36.4600,0.6074,3.4729,0.2060
36.4800,0.6078,3.4748,0.2061
36.5000,0.6082,3.4773,0.2063
36.5200,0.6086,3.4800,0.2065
36.5400,0.6091,3.4835,0.2068
36.5600,0.6095,3.4870,0.2071
36.5800,0.6099,3.4904,0.2073
36.6000,0.6102,3.4936,0.2075
36.6200,0.6106,3.4963,0.2077
36.6400,0.6109,3.4987,0.2078
36.6520,0.6110,3.5000,0.2079
